Y1,Domain,Abstract
5,Medical ,"Sure, here are five abstracts for category '5' using the common words provided:

**Abstract 1:**
The study focuses on the evaluation of the environmental impacts of urban development. In the research, various methods were employed to assess the levels of pollution and their correlations with health conditions of inhabitants. The findings were significant and demonstrated a clear need for sustainable planning in urban areas.

**Abstract 2:**
A comprehensive review was conducted on the implementation of educational technologies in primary schools. The analysis highlights the advantages and challenges associated with integrating digital tools into the curriculum. In conclusion, it was found that while there were notable improvements in student engagement, additional training for teachers was essential.

**Abstract 3:**
This research examines the history of the migration patterns and their socioeconomic impacts on rural communities. The study meticulously details the factors that influenced migration decisions and the subsequent changes in demographics. Recommendations for policy adjustments to support rural development were proposed based on the findings.

**Abstract 4:**
An investigation was carried out to determine the effectiveness of different therapeutic approaches in treating anxiety disorders. Participants were assessed before and after undergoing treatments, and the results were analyzed statistically. It was found that combining medication with cognitive-behavioral therapy yielded the best outcomes.

**Abstract 5:**
The analysis explores the role of social media in shaping public opinion during political campaigns. Data were collected from various platforms and analyzed for trends and sentiment. The research underscores the power of digital communication tools and suggests strategies for more responsible use by political entities."
5,Medical ,"Sure! Here are five abstracts for the category '5' using the common words provided:

1. **Technological Innovations in Healthcare**
In recent years, the integration of advanced technology in the healthcare sector has led to significant improvements in patient outcomes. The adoption of electronic health records and telemedicine were among the major advancements that improved the efficiency of medical practices. Additionally, wearable devices and mobile health apps were introduced to enable continuous monitoring of patients' health, leading to personalized treatment plans. Overall, the synergistic use of technology and healthcare has the potential to revolutionize the industry.

2. **Climate Change and Its Global Impact**
The effects of climate change are becoming increasingly evident across the globe. Rising temperatures and shifting weather patterns were observed in various regions, resulting in adverse impacts on agriculture and biodiversity. In response, international organizations and governments have proposed comprehensive strategies to mitigate these changes. Renewable energy sources, such as solar and wind power, were prioritized to reduce greenhouse gas emissions. The collective efforts of nations are crucial to address the challenges posed by climate change.

3. **Advancements in Artificial Intelligence**
The advancement of artificial intelligence (AI) has revolutionized many aspects of modern life. In the realm of business and industry, AI applications were developed to optimize operations and improve decision-making processes. The use of machine learning algorithms and neural networks allowed for more accurate data analysis and predictions. Furthermore, the implementation of AI in consumer products, such as virtual assistants and smart home devices, has enhanced convenience and efficiency in everyday tasks.

4. **Exploring the Depths of Space**
Interest in space exploration has surged in recent years, fueled by both governmental space agencies and private enterprises. The discovery of exoplanets and the potential for extraterrestrial life were among the driving factors behind these endeavors. Missions to Mars and the development of advanced satellite technology were pivotal in expanding our understanding of the universe. Collaboration between international partners has been essential in overcoming the challenges associated with deep space exploration.

5. **Education Reform in the 21st Century**
The landscape of education is undergoing a transformative shift to better align with the needs of the 21st century. Innovations in curriculum design and teaching methodologies were implemented to enhance student engagement and learning outcomes. The integration of digital tools and online resources facilitated flexible and personalized education experiences. Additionally, there was a growing emphasis on critical thinking and problem-solving skills to prepare students for future challenges. The continuous evolution of educational practices is essential in shaping a knowledgeable and adaptable populace."
5,Medical ,"Certainly! Here are five abstracts for the category ""5"" using the common words provided:

Abstract 1:
The study analyzed the impact of environmental changes in urban areas and their implications on public health. Data were collected from multiple sources and were evaluated to understand the correlation between pollution levels and respiratory issues. The results indicated a significant increase in health problems, with a call for immediate action to mitigate these effects.

Abstract 2:
The research focused on the evolution of technology in the 21st century and its effects on communication. A comprehensive review of recent advancements was conducted, with particular attention to social media platforms. The findings highlighted the transformation of interpersonal interactions and the growing need for digital literacy.

Abstract 3:
In an effort to improve educational outcomes, the effectiveness of various teaching strategies was investigated. The study compared traditional methods with innovative approaches in a classroom setting. Results from the observations and surveys were statistically analyzed, and it was noted that interactive techniques significantly enhanced student engagement and comprehension.

Abstract 4:
The economic development of emerging markets was the primary subject of this research. Trends and patterns in growth were examined, with a focus on technological integration in business processes. The analysis showed that regions investing in tech infrastructure were able to achieve higher productivity and competitiveness in the global market.

Abstract 5:
With the increasing concerns about climate change, this study explored renewable energy solutions and their adoption. A mix of qualitative and quantitative methods was employed to assess the effectiveness of solar and wind energy projects. The outcomes demonstrated that these alternatives were not only viable but also essential in reducing dependency on fossil fuels and minimizing environmental impacts."
5,Medical ,"Certainly. Here are five abstracts in the category '5', crafted using the provided common words:

1. Abstract 1:
In the field of education, the effectiveness of teaching methods and their impact on student learning were investigated. A comprehensive study was conducted with participants from various backgrounds. The results indicated a correlation between interactive teaching methods and improved student performance. Implications for future educational strategies were discussed, emphasizing the need for adaptive and engaging pedagogical approaches.

2. Abstract 2:
The healthcare industry was analyzed in terms of patient satisfaction and service efficiency. A survey was distributed to gather feedback from patients across different hospital settings. The findings highlighted key areas for improvement in patient care and administrative processes. Recommendations were made to enhance the quality of medical services, with a focus on patient-centered care and streamlined operations.

3. Abstract 3:
In the realm of environmental science, the impact of pollution on marine ecosystems was examined. Data were collected from several coastal areas, detailing the types and concentrations of pollutants present. The study revealed significant negative effects on marine life, with a decline in biodiversity and health. Strategies for mitigating pollution and promoting sustainable practices were proposed to protect marine environments.

4. Abstract 4:
The dynamics of urban development and its effects on community well-being were explored. A case study approach was utilized, focusing on a rapidly growing metropolitan area. Researchers assessed the balance between economic growth and quality of life for residents. The findings pointed to the need for policies that support sustainable urban planning, with consideration for green spaces and public services.

5. Abstract 5:
In the domain of technology, the adoption of artificial intelligence in business operations was reviewed. Surveys and interviews with industry leaders were conducted to understand the integration process and its challenges. The study found that while AI offers significant benefits in efficiency and innovation, there are concerns regarding workforce displacement and data security. Recommendations were provided to maximize AI potential while addressing ethical considerations."
5,Medical ,"### Abstract 1:
In the realm of quantum computing, the potential for groundbreaking discoveries is vast. This study examines the interaction of entangled particles and their correlation with quantum algorithms. The experimental results were achieved with a new type of quantum processor, proving to be a significant advancement in the field. Future research aims to explore the implications and applications of this technology in various sectors, including cryptography and data analysis.

### Abstract 2:
The impact of climate change on marine ecosystems is of great concern to environmental scientists. This paper explores the effects of rising ocean temperatures and acidification on coral reefs. The findings were derived from long-term observational studies conducted across different geographic locations. The data indicate a sharp decline in coral health and biodiversity. Recommendations for mitigating these changes include regulations to reduce carbon emissions and the development of conservation strategies.

### Abstract 3:
Artificial Intelligence (AI) and its applications in healthcare have the potential to revolutionize medical diagnostics. This research focuses on the development of a machine learning model aimed at early detection of diseases. The algorithm was trained with a large dataset of medical images, achieving high accuracy in identifying abnormalities. The implications of this technology are profound, offering the ability to enhance patient outcomes and streamline clinical workflows.

### Abstract 4:
The evolution of social media platforms has reshaped the landscape of communication and marketing. This study delves into the strategies employed by companies to engage with their audience on these platforms. The analysis was based on a survey of marketing professionals and a review of successful campaigns. Key findings highlight the importance of content personalization and real-time interaction. The insights provided here can guide businesses in crafting effective social media strategies.

### Abstract 5:
In the field of renewable energy, the integration of photovoltaic systems into urban infrastructure presents a sustainable solution to energy demands. This paper evaluates the performance and efficiency of various solar panel installations in metropolitan areas. The study was conducted with data collected from different cities and analyzed for effectiveness in diverse environmental conditions. Recommendations were made for optimizing installation practices and improving public policies to support renewable energy adoption."
3,MAE ,"1. This study delves into the intricacies of quantum computing and its potential applications. The impact on the field of artificial intelligence is profound, with advancements promising to revolutionize various industries. In addition, the collaboration between researchers is highlighted, illustrating a global effort to harness the power of this emerging technology.

2. The analysis focuses on the role of renewable energy in combating climate change. With increasing concerns about environmental degradation, this research emphasizes the importance of sustainable practices. The implementation of green technologies is essential to reduce carbon footprints, and the study provides a comprehensive overview of innovative solutions.

3. In the realm of modern medicine, the exploration of gene therapy is a notable development. This paper examines the therapeutic potential of genetic modifications and their implications for treating hereditary diseases. The ethical considerations are also discussed, providing a balanced perspective on the advancements and challenges in the field.

4. This research investigates the dynamics of economic globalization and its effects on developing nations. The interconnectedness of global markets is scrutinized, with a focus on both benefits and drawbacks. In conclusion, the study offers insights into policy recommendations for fostering equitable growth in a rapidly changing economic landscape.

5. The examination of social media influence on youth behavior is the central theme of this study. With widespread access to digital platforms, the impact on mental health and social interactions is significant. This research aims to identify the positive and negative effects, offering recommendations for responsible usage and highlighting the need for digital literacy education."
3,MAE ,"Abstract 1: 
The role of digital technology in education is evolving rapidly, and this study aims to explore the impact of virtual classrooms on student engagement. With a focus on middle school learners, the research investigates how digital tools can enhance the learning experience. The outcomes are significant for educators and policymakers looking to integrate technology effectively in curriculums.

Abstract 2:
This paper discusses the benefits and challenges of implementing renewable energy solutions in urban areas. The study highlights the potential of solar power and wind turbines to reduce greenhouse gas emissions. By analyzing case studies from various cities, the research provides insights for urban planners and environmentalists aiming to promote sustainable living.

Abstract 3:
The significance of mental health awareness in the workplace is increasingly recognized, and this research delves into strategies for fostering a supportive environment. The focus is on the development of policies and practices that contribute to employee well-being. The findings are crucial for HR professionals and leaders committed to creating a healthier work culture.

Abstract 4:
In the realm of medical research, the advancement of personalized medicine is a key topic. This study examines the integration of genetic testing in treatment plans for cancer patients. The application of this approach is shown to improve patient outcomes and tailor therapies effectively. The results are valuable to oncologists and healthcare providers aiming to enhance precision medicine.

Abstract 5:
The dynamics of global trade have significant implications for economic stability, and this analysis investigates the impact of tariff policies on international markets. With a particular emphasis on the agricultural sector, the research explores how trade agreements and restrictions influence market prices and supply chains. The conclusions offer important guidance for policymakers and economists focused on global trade relations."
3,MAE ,"Sure, here are five abstracts that fit the given criteria:

1. **Abstract 1**:
   This study explores the role of technology in the advancement of healthcare systems. The integration of modern tools and techniques is central to improving patient outcomes and efficiency. A detailed analysis is presented on the impact of telemedicine and electronic health records. The findings indicate a significant enhancement in the quality of care, making this a pivotal resource for professionals in the field.

2. **Abstract 2**:
   The dynamics of organizational behavior are complex and multifaceted. This research delves into the psychological aspects of employee motivation and team interaction. A comprehensive approach is taken to evaluate the influence of leadership styles on productivity. The results highlight the importance of adaptive strategies in maintaining a cohesive work environment, providing valuable insights for managers and HR professionals.

3. **Abstract 3**:
   In the realm of environmental science, this paper examines the effects of climate change on marine biodiversity. The study utilizes a combination of satellite data and field observations to assess the health of coral reefs. Findings suggest a correlation between rising temperatures and increased rates of coral bleaching. This research underscores the urgency for conservation efforts and policy changes to protect marine ecosystems.

4. **Abstract 4**:
   This investigation addresses the economic implications of globalization on emerging markets. The analysis is focused on trade policies and their impact on local industries. Findings reveal both positive and negative outcomes, with a particular emphasis on the balance between growth and sustainability. This work is essential for policymakers and economists aiming to navigate the challenges of global integration.

5. **Abstract 5**:
   The educational sector is undergoing significant transformations with the advent of digital learning platforms. This paper evaluates the effectiveness of online education compared to traditional classroom settings. Data is gathered through surveys and performance metrics, showing a trend towards increased accessibility and personalized learning experiences. The study highlights the potential of digital tools in revolutionizing the educational landscape.

Each of these abstracts is crafted to reflect common themes and structures typically found in research summaries, incorporating the provided words seamlessly."
3,MAE ,"**Abstract 1:**

**Title:** Exploring the Dynamics of Quantum Entanglement in Spontaneous Emergence Systems

**Abstract:** The study of quantum entanglement is pivotal for understanding the fundamental principles governing quantum mechanics. This paper delves into the dynamics of quantum entanglement within spontaneous emergence systems. Through a series of experiments and simulations, we reveal the intricate interactions of particles and their entangled states. The results underscore the importance of entanglement in the development of quantum computing and other advanced technologies. This research paves the way for future explorations and practical applications in quantum information science.

**Abstract 2:**

**Title:** The Role of Artificial Intelligence in Enhancing Healthcare Systems

**Abstract:** The integration of artificial intelligence (AI) in healthcare has revolutionized the delivery of medical services. This paper examines the multifaceted roles of AI, from diagnosis to treatment planning. We present a systematic analysis of current AI applications and their impact on the efficiency and accuracy of healthcare systems. The findings highlight the potential of AI to transform patient care and medical research. This study aims to provide a comprehensive overview for stakeholders and practitioners seeking to leverage AI in healthcare innovations.

**Abstract 3:**

**Title:** Strategies for Sustainable Urban Development in the Era of Climate Change

**Abstract:** Urban development faces significant challenges in the context of climate change. This paper explores strategies that cities can adopt to become more sustainable and resilient. Through case studies and policy analysis, we identify key interventions that mitigate environmental impact while fostering economic growth. The research emphasizes the importance of integrated planning and community involvement. This study contributes to the ongoing discourse on sustainable urban development and offers practical insights for policymakers and urban planners.

**Abstract 4:**

**Title:** Examining the Ethical Implications of Genetic Engineering in Modern Science

**Abstract:** The advent of genetic engineering has opened up new frontiers in science and medicine. This paper investigates the ethical implications associated with the manipulation of genetic material. We provide a critical review of current practices, regulatory frameworks, and public perceptions. The analysis highlights the need for balanced approaches that safeguard against potential abuses while promoting scientific advancement. This research seeks to inform ethical guidelines and policies for the responsible use of genetic engineering technology.

**Abstract 5:**

**Title:** The Impact of Social Media on Adolescent Mental Health

**Abstract:** Social media has become an integral part of adolescent life, with profound effects on mental health. This paper examines the relationship between social media use and the psychological well-being of teenagers. Through surveys and longitudinal studies, we analyze patterns of usage and their correlation with anxiety, depression, and self-esteem. The findings reveal both positive and negative impacts, suggesting a nuanced perspective on social media's role in adolescent development. This study aims to inform educators, parents, and policymakers on how to navigate and manage social media's influence on young minds."
3,MAE ,"Sure, here are five abstracts in the category '3' using the common words provided:

1. **Abstract 1:**
In the study of biochemistry, the interaction between proteins and enzymes is essential to understand cellular processes. This research focuses on the binding affinity of specific substrates with the enzyme, and how this interaction influences the metabolic pathways in the cell. The findings indicate that the presence of certain cofactors is critical for enzymatic activity, providing new insights into drug design.

2. **Abstract 2:**
The field of robotics has seen significant advancements in the development of autonomous systems. This paper presents an innovative approach to navigation and obstacle avoidance in complex environments. By integrating machine learning algorithms with sensor data, the system is capable of making real-time decisions, highlighting the potential for applications in search and rescue operations.

3. **Abstract 3:**
In the realm of environmental science, the impact of human activities on ecosystems is a pressing concern. This study examines the effects of pollution and deforestation on biodiversity. It emphasizes the importance of sustainable practices and policies to mitigate these negative trends. The results underscore the need for global cooperation in preserving natural habitats.

4. **Abstract 4:**
The advancement of medical technology has led to the development of new diagnostic tools. This research focuses on the use of imaging technologies to detect early signs of disease. By enhancing the resolution and accuracy of these tools, it is possible to improve patient outcomes through early intervention. The study also explores the integration of artificial intelligence in analyzing medical images.

5. **Abstract 5:**
In the context of cybersecurity, the protection of data integrity is paramount. This paper investigates various encryption techniques and their effectiveness in safeguarding information. The analysis highlights the strengths and weaknesses of different cryptographic methods, proposing a hybrid approach for enhanced security. The implications for both individuals and organizations are discussed in detail.

These abstracts provide a snapshot of research across different fields, implementing the specified common words seamlessly into the text."
1,ECE ,"Sure! Here are five abstracts for the category '1' using the provided common words:

1. **Abstract 1:**
   This study explores the impact of digital transformation in the healthcare industry. The integration of technology is crucial for improving patient outcomes and operational efficiency. A systematic approach is required to understand the benefits and challenges associated with this transformation. The findings will contribute to the development of strategies for successful implementation in various healthcare settings.

2. **Abstract 2:**
   The effectiveness of renewable energy sources in reducing carbon emissions is the focus of this research. A comprehensive analysis of wind, solar, and hydroelectric power will be conducted. The goal is to identify the best practices for maximizing energy output while minimizing environmental impact. This study aims to provide policymakers with actionable insights for future energy planning.

3. **Abstract 3:**
   In the field of education, the role of technology integration is increasingly significant. This paper examines the effects of digital tools on student engagement and learning outcomes. By comparing traditional methods with modern technological approaches, the study aims to highlight the benefits and potential drawbacks. The results will be valuable for educators looking to enhance their teaching strategies.

4. **Abstract 4:**
   This investigation addresses the relationship between mental health and social media usage among teenagers. The objective is to identify patterns of behavior that contribute to anxiety and depression. A detailed survey will be conducted with participants to gather relevant data. The outcome of this research is expected to inform guidelines for healthier social media practices.

5. **Abstract 5:**
   The advancement of artificial intelligence (AI) in the workplace is revolutionizing various industries. This paper explores the implications of AI adoption on job roles and productivity. A focus will be placed on the balance between automation and human oversight. The study seeks to offer recommendations for integrating AI in a manner that enhances, rather than replaces, the human workforce."
1,ECE ,"1. **Abstract 1:**
   The study of environmental sciences is fundamental to understanding the impact of human activities on the planet. This research focuses on the effects of pollution in urban areas, aiming to develop strategies for mitigating its consequences. In collaboration with various stakeholders, the study highlights the importance of sustainable practices and offers a framework for policy implementation to achieve cleaner air and water in city environments.

2. **Abstract 2:**
   In the field of medicine, the development of new treatments for chronic diseases is a critical area of research. This paper explores the potential of gene therapy to provide long-term relief and possibly cures for conditions like diabetes and cystic fibrosis. The integration of advanced genetic engineering techniques with traditional medical approaches opens up promising avenues for enhancing patient outcomes and improving quality of life.

3. **Abstract 3:**
   The evolution of technology has revolutionized the way we communicate and share information. This study examines the impact of social media platforms on interpersonal relationships and social dynamics. In particular, the research investigates how the increasing reliance on digital communication tools influences personal connections and community engagement, offering insights into the benefits and challenges of our interconnected world.

4. **Abstract 4:**
   In the realm of education, the integration of technology in the classroom is reshaping traditional teaching methods. This research explores the effectiveness of digital learning tools and their influence on student engagement and academic performance. The findings suggest that when used appropriately, these tools can enhance learning experiences and support teachers in delivering more personalized and interactive instruction.

5. **Abstract 5:**
   The preservation of cultural heritage is essential for maintaining the identity and history of communities worldwide. This study focuses on the role of museums and archives in safeguarding artifacts and historical records. By leveraging advances in digital preservation techniques, these institutions can ensure that valuable cultural resources are accessible to future generations, fostering a deeper appreciation and understanding of our shared past."
1,ECE ,"Sure, here are 5 abstracts using the specified common words for category '1':

### Abstract 1
The relationship between the use of technology and productivity in the workplace is a subject of ongoing research. This study aims to determine the effects of integrating new digital tools on employee efficiency. A survey was conducted with participants from various sectors to gather data on their experiences. The results indicate a positive correlation between advanced technological implementation and increased productivity.

### Abstract 2
The influence of social media on mental health is a growing concern for many health professionals. This paper explores the potential impacts of prolonged social media usage on mental well-being. A series of case studies were analyzed with individuals aged 18-35. The findings suggest that there is a significant link between high social media usage and increased levels of anxiety and depression.

### Abstract 3
The expansion of urban areas and its impact on environmental sustainability is an important issue for contemporary society. This research examines how urban sprawl affects natural habitats and local ecosystems. Data was collected through satellite imagery and field surveys in various metropolitan regions. The study concludes that rapid urban development often leads to a decline in biodiversity and ecological imbalance.

### Abstract 4
The role of education in societal development is a critical factor for policy-makers. This investigation focuses on the effectiveness of educational reforms on enhancing student performance. A quantitative approach was used, administering standardized tests before and after the implementation of new curricula. The results show a notable improvement in students' academic achievements, suggesting that targeted educational strategies can be beneficial.

### Abstract 5
The effectiveness of remote working in enhancing job satisfaction and productivity is explored in this study. With the rise of telecommuting practices, it is crucial to understand its impact on employee well-being and output. Surveys and interviews were conducted with employees from various industries who have transitioned to remote working. The outcomes reveal that remote working contributes positively to job satisfaction and efficiency, provided that proper support systems are in place."
1,ECE ,"1. ""In the field of renewable energy, the implementation of solar panels is a critical step. This study aims to evaluate the efficiency and sustainability of solar energy systems. The focus is on the adoption of new technologies and the integration of solar panels within urban infrastructures. For cities striving to decrease carbon emissions, this research is crucial.""

2. ""The impact of social media on adolescent mental health is a growing concern. This paper investigates the correlation between social media usage and anxiety levels in teenagers. The study outlines recommendations for parents and educators to help mitigate adverse effects. With the prevalence of digital communication, this topic is increasingly relevant.""

3. ""Artificial intelligence is transforming the healthcare industry. This paper explores the integration of AI in diagnostic procedures and patient care. The benefits of AI include improved accuracy and efficiency. For medical practitioners, adopting AI technologies is essential to enhance treatment outcomes and streamline workflows.""

4. ""The role of education in economic development is undeniable. This article discusses the importance of accessible education for fostering innovation and growth. The relationship between educational attainment and economic performance is examined, with a focus on policy recommendations. For developing countries, this insight is vital to achieve sustainable progress.""

5. ""Cybersecurity in the age of digital information is a paramount concern. This research addresses the challenges and strategies of protecting sensitive data against cyber threats. The emphasis is on the development of robust security frameworks and protocols. For organizations, investing in comprehensive cybersecurity measures is imperative to safeguard information integrity."""
1,ECE ,"1. **Abstract 1**
The integration of technology in education is a growing trend, and this study aims to explore the benefits and challenges associated with this approach. The use of digital tools and platforms has the potential to enhance learning experiences for students. However, the implementation of such technologies is not without its challenges. This research examines the efficacy of these tools in improving educational outcomes and provides recommendations for effective integration in the classroom.

2. **Abstract 2**
The field of environmental science is crucial for understanding and addressing the impact of human activities on the planet. This paper presents a comprehensive analysis of the current state of environmental degradation and the measures being taken to mitigate it. The focus is on the role of policy and technology in achieving sustainable development. This study aims to highlight the importance of a multidisciplinary approach in addressing environmental issues.

3. **Abstract 3**
In the realm of healthcare, the advent of telemedicine has revolutionized the way medical services are delivered. This paper investigates the effectiveness of telemedicine in improving patient outcomes and increasing access to healthcare. The study also addresses the potential challenges associated with the widespread adoption of telemedicine, including issues related to privacy and the digital divide. This research provides insights into the future of healthcare delivery in a digital age.

4. **Abstract 4**
The study of ancient civilizations offers invaluable insights into the cultural and technological advancements of early societies. This research focuses on the archaeological findings in the region of Mesopotamia and their implications for understanding the development of writing, urbanization, and trade. The importance of interdisciplinary approaches in archaeology is highlighted, emphasizing the need for collaboration between historians, archaeologists, and scientists in uncovering the mysteries of the past.

5. **Abstract 5**
In the field of psychology, the relationship between stress and cognitive function is a topic of significant interest. This study aims to investigate the effects of chronic stress on memory and decision-making processes. The research employs a combination of experimental and longitudinal methods to assess the impact of stress on cognitive performance. The findings of this study have implications for developing interventions aimed at mitigating the negative effects of stress in both clinical and everyday settings."
0,CS ,"Sure! I'll craft five distinct abstracts within the parameters you've set:

### Abstract 1:
In this study, the significance of early childhood education is examined in detail. The focus is on the role that structured learning environments play in a child's developmental milestones. This research identifies the critical elements that contribute to cognitive and social growth, emphasizing the need for policy improvements. Outcomes of this work are pivotal for educators and policymakers aiming to enhance early educational frameworks.

### Abstract 2:
The purpose of this paper is to explore the dynamics of team collaboration in corporate settings. Emphasis is placed on strategies that foster innovation and efficiency among diverse groups. This investigation reveals the impact of leadership styles and communication patterns in achieving organizational goals. Findings from this research provide actionable insights for managers striving to optimize team performance.

### Abstract 3:
In the context of global healthcare, this review addresses the challenges and opportunities presented by telemedicine. With a focus on the implementation of technology in remote areas, the paper discusses the potential for improved patient outcomes. This research highlights the barriers to widespread adoption and proposes solutions. The conclusions drawn are significant for healthcare stakeholders aiming to bridge the accessibility gap.

### Abstract 4:
This article delves into the economic implications of climate change on agricultural productivity. It analyzes the factors that contribute to variations in crop yield and the subsequent effects on market stability. Results from this study underline the necessity for adaptive measures and sustainable practices. The findings are crucial for policymakers and farmers seeking to mitigate the risks associated with environmental shifts.

### Abstract 5:
The objective of this research is to assess the impact of digital marketing on consumer behavior. This investigation explores how various online strategies influence purchasing decisions and brand loyalty. By examining data from diverse demographic groups, the study provides a comprehensive overview of current trends. Insights from this research are valuable for businesses aiming to enhance their digital presence.

These abstracts should be suitable for diverse research areas, all adhering to the word constraints you've provided."
0,CS ,"### Abstract 1
This study explores the dynamics of social interactions in urban environments. The focus is on the role that public spaces play in fostering community engagement and cohesion. To understand these dynamics, a mixed-method approach is employed that includes surveys, observations, and interviews. The findings suggest that inclusivity and accessibility are crucial factors that contribute to the effectiveness of public spaces in promoting social interaction. This research underscores the importance of thoughtful urban design that caters to diverse populations.

### Abstract 2
The purpose of this research is to examine the impact of digital technologies on modern education. With the rise of online learning platforms, this study investigates how these tools influence student engagement and performance. Data was collected through questionnaires distributed to both students and educators. The results indicate that while digital platforms offer flexibility and accessibility, they also present challenges related to connectivity and self-discipline. This research highlights the need for effective strategies in integrating technology into educational curriculums.

### Abstract 3
In the realm of environmental science, this paper delves into the effects of climate change on marine biodiversity. The research aims to identify key factors that contribute to species migration and extinction in ocean ecosystems. A combination of satellite data and field studies is utilized to assess changes in sea temperature and coral reef health. The findings reveal a direct correlation between rising temperatures and the decline of marine species, emphasizing the urgent need for global conservation efforts.

### Abstract 4
This investigation addresses the psychological impact of social media usage on adolescents. The study aims to determine whether there is a significant link between time spent on social media platforms and levels of anxiety and depression. Surveys and clinical assessments were administered to a sample group of teenagers. The results demonstrate that excessive social media use is associated with higher instances of mental health issues, pointing to the necessity for awareness and regulation in digital consumption among youths.

### Abstract 5
The objective of this paper is to analyze the effectiveness of renewable energy policies in reducing carbon emissions. The study evaluates various policy frameworks across different countries to determine which strategies yield the most significant environmental benefits. Through statistical analysis and case studies, the research identifies that comprehensive policies that include subsidies, tax incentives, and public awareness campaigns are most effective. This conclusion advocates for a multidisciplinary approach to tackling global warming and promoting sustainability."
0,CS ,"1. ""The significance of this study is to explore the impact of technological advancements in educational systems. This research aims to analyze the role of modern tools and methodologies in enhancing the learning experience for students. The integration of digital resources is crucial to the development of effective teaching strategies that cater to diverse learning needs.""

2. ""The purpose of this paper is to investigate the relationship between environmental sustainability and economic growth. This study highlights the importance of adopting green policies to balance ecological preservation and industrial development. The findings suggest that transitioning to renewable energy sources is pivotal for the sustainability of our planet.""

3. ""The focus of this research is on the psychological impact of social media on young adults. This study examines the correlation between online engagement and mental health issues, such as anxiety and depression. The goal is to identify strategies for promoting healthier online habits and fostering a supportive digital community.""

4. ""The aim of this project is to develop a comprehensive framework for data security in cloud computing. This research addresses the challenges of protecting sensitive information in an increasingly digital landscape. The proposed solutions emphasize the need for robust encryption methods and consistent security protocols to safeguard user data.""

5. ""The objective of this analysis is to assess the efficiency of public transportation systems in urban areas. This study evaluates the effectiveness of current infrastructure and identifies areas for improvement. The research underscores the importance of investing in sustainable transit options to reduce traffic congestion and enhance urban mobility."""
0,CS ,"1. **Abstract 1:**
   The purpose of this study is to investigate the role of technology in education. In particular, the focus is on how the integration of digital tools in classrooms can enhance learning outcomes. There is a growing body of evidence suggesting that the use of technology can facilitate better engagement and understanding for students. This research aims to explore both the benefits and the challenges associated with this trend.

2. **Abstract 2:**
   The impact of climate change on agricultural practices is a critical area of research. In this study, we examine the effects of rising temperatures and altered precipitation patterns on crop yields. The findings indicate that there is an urgent need for adaptive strategies to ensure food security. This work underscores the importance of innovative solutions to mitigate the adverse effects of climate change.

3. **Abstract 3:**
   The effectiveness of social media marketing strategies is the focus of this research. In today's digital age, the use of social media platforms for brand promotion is ubiquitous. This paper analyzes various approaches to social media marketing and their impact on consumer behavior. The results highlight that personalized content and interactive engagement are crucial for successful marketing campaigns.

4. **Abstract 4:**
   The relationship between physical activity and mental health is explored in this study. There is substantial evidence that regular exercise can lead to improved mental health outcomes. This research aims to identify the specific types of physical activities that are most beneficial for reducing symptoms of depression and anxiety. The findings of this study could inform public health strategies to promote mental well-being.

5. **Abstract 5:**
   The development of renewable energy sources is essential for sustainable development. In this paper, we investigate the potential of solar and wind energy to replace fossil fuels. There is a focus on the technological advances and economic feasibility of these renewable energy sources. The analysis shows that renewable energy is a viable option for reducing carbon emissions and combating climate change."
0,CS ,"Abstract 1:
In the realm of computational science, the importance of algorithms lies in their ability to process large data sets efficiently. The primary goal of this research is to develop methods that optimize data retrieval and analysis. This paper discusses several innovative techniques that are designed to improve performance. To accomplish this, we have employed a variety of approaches, integrating existing technologies to propose new solutions.

Abstract 2:
The study of artificial intelligence has garnered increasing interest due to its potential applications in various fields. This research focuses on the development and implementation of machine learning algorithms. A key objective is to enhance the accuracy and efficiency of predictive models. The findings suggest that adapting these algorithms can significantly improve their practical utility.

Abstract 3:
Environmental sustainability is a critical issue that demands urgent attention. This paper explores the impact of human activities on ecosystem dynamics and proposes strategies for mitigation. The research highlights the importance of adopting sustainable practices to preserve biodiversity. This study also examines the effectiveness of policy interventions in achieving environmental goals.

Abstract 4:
The field of medicine continually evolves with the advent of innovative diagnostic and treatment methods. This research delves into the efficacy of new therapeutic approaches in treating chronic diseases. The results indicate that a combination of traditional and modern techniques can lead to improved patient outcomes. This paper emphasizes the significance of early detection and personalized treatment plans.

Abstract 5:
In the context of economic development, the role of technology cannot be overstated. This study assesses the impact of technological advancements on productivity and growth. A comprehensive analysis is conducted to understand the correlation between innovation and economic prosperity. The research findings underscore the necessity of fostering a conducive environment for technological innovation to drive sustainable growth."
2,Psychology  ,"1. **Abstract 1:** The study investigates the dynamics of economic growth in developing countries, aiming to identify the factors that contribute to sustainable development. The research utilizes a comprehensive dataset and employs advanced statistical methods to analyze the relationship between investment in infrastructure, education, and health care with long-term economic stability. Findings suggest that policy reforms and strategic funding allocation are crucial for fostering resilience in the face of global economic challenges.

2. **Abstract 2:** This paper explores the impacts of climate change on biodiversity and ecosystem services. By combining field observations with climate models, the research highlights significant shifts in species distribution and ecosystem functions. The analysis underscores the urgency for implementing adaptive management practices that can mitigate the adverse effects of climate change and preserve ecological balance. Recommendations for future conservation strategies are provided to guide policymakers in their efforts to protect natural habitats.

3. **Abstract 3:** The role of technology in enhancing educational outcomes is examined in this study. Focusing on digital learning tools and their integration into traditional classroom settings, the research assesses how different technologies contribute to student engagement and achievement. Data collected from various educational institutions indicate that interactive and personalized learning experiences significantly improve comprehension and retention of knowledge. The findings advocate for increased investment in educational technologies and teacher training programs.

4. **Abstract 4:** In the realm of healthcare, the importance of patient-centered care is increasingly recognized. This research delves into the implementation of patient-centered practices within hospital settings, evaluating their effects on patient satisfaction and health outcomes. Surveys and interviews with both patients and healthcare providers reveal that personalized treatment plans and effective communication are key components of successful patient-centered care. The study concludes with recommendations for best practices and policy changes to enhance the quality of care provided to patients.

5. **Abstract 5:** The article addresses the challenges and opportunities associated with urbanization and sustainable city planning. By analyzing case studies from various global cities, the research identifies effective strategies that balance economic development with environmental sustainability. The study emphasizes the importance of integrating green spaces, efficient public transportation, and renewable energy sources in urban planning. Policy implications are discussed, highlighting the need for collaborative efforts between government agencies, private sectors, and communities to create livable, resilient cities for future generations."
2,Psychology  ,"Abstract 1:
In the study of animal behavior, it is crucial to understand the relationship between environment and adaptation. This research focuses on the ways that animals adapt to changes in their ecosystem, with significant implications for conservation efforts. The findings will be instrumental in developing strategies to mitigate the impact of human activities on wildlife.

Abstract 2:
The impact of technological advancements in the field of education is profound and multifaceted. This paper examines the integration of digital tools in classrooms and their effect on student learning outcomes. By analyzing diverse educational settings, the study highlights the potential benefits and challenges associated with the widespread adoption of technology in schools.

Abstract 3:
A comprehensive analysis of the economic policies implemented in developing countries reveals significant trends in growth and development. The research identifies key factors that contribute to economic stability and the role of international aid. With an emphasis on policy effectiveness, the study provides critical insights for future economic planning and development strategies.

Abstract 4:
The prevalence of mental health issues among adolescents is a growing concern for public health professionals. This paper investigates the factors that contribute to mental health disorders in young people, with a particular focus on the influence of social media. The study aims to inform the development of targeted interventions and support mechanisms to address this pressing issue.

Abstract 5:
In the realm of environmental science, the study of climate change is paramount. This research explores the effects of global warming on polar ice caps and its consequent impact on global sea levels. By utilizing advanced climate models, the study offers predictions for future trends and underscores the urgent need for comprehensive climate policies and international cooperation."
2,Psychology  ,"Sure! Here are five abstracts using the specified common words, tailored to the category '2':

### Abstract 1
In the realm of scientific research, the integration of technology has become a pivotal factor. This study explores the application of AI in enhancing data accuracy and streamlining analysis processes. The findings demonstrate that the combination of advanced algorithms with traditional methodologies offers a comprehensive approach to problem-solving. For researchers, this represents a significant step forward, as the potential for innovation in various fields is vast.

### Abstract 2
The advancement of renewable energy sources has become crucial in addressing global environmental challenges. This paper assesses the efficiency of solar and wind energy systems. The analysis indicates that these sources, when optimized with modern technology, can significantly reduce carbon emissions. For policymakers, the implications of this research are clear: investment in renewable energy is essential for sustainable development.

### Abstract 3
In recent years, the rise of e-learning platforms has transformed the educational landscape. This paper examines the effectiveness of online courses in comparison to traditional classroom settings. The results suggest that interactive tools and flexible schedules contribute to a more personalized learning experience. For educators, incorporating digital resources is key to meeting the diverse needs of students.

### Abstract 4
The study investigates the impact of urbanization on biodiversity in metropolitan areas. Data collected from various cities reveal that the expansion of urban spaces often leads to habitat loss and fragmentation. However, the implementation of green spaces and conservation initiatives has shown to mitigate some negative effects. For urban planners, this research underscores the importance of balancing development with ecological preservation.

### Abstract 5
The prevalence of mental health issues in the workplace has prompted a re-evaluation of occupational health strategies. This research explores the effectiveness of wellness programs and their role in improving employee well-being. The findings indicate that supportive environments and accessible resources can lead to better mental health outcomes. For employers, the study highlights the value of proactive measures in fostering a healthy work environment."
2,Psychology  ,"Sure, here are five abstracts for the category '2' using the provided common words:

### Abstract 1
The study of the effects of climate change on marine ecosystems is essential to understand the consequences of global warming. In this research, we conducted a series of experiments with various species to determine the impact of temperature rise and ocean acidification. Our findings indicate that there is a significant threat to biodiversity, with many species struggling to adapt.

### Abstract 2
Educational technology is transforming the landscape of classrooms around the world. In this paper, we discuss the integration of innovative tools and techniques in teaching. Our goal is to find methods that enhance learning outcomes for students. The evidence suggests that the combination of traditional and modern approaches is beneficial for engagement and retention.

### Abstract 3
Urbanization and the development of megacities pose a significant challenge to sustainable living. This study aims to explore the solutions that cities can adopt to become more sustainable. The primary focus is on the use of renewable energy and green infrastructure. Recommendations include the implementation of smart grids and increased green spaces to improve quality of life.

### Abstract 4
The increase in antibiotic-resistant bacteria is a major public health concern. The objective of this research is to identify the factors contributing to this phenomenon and explore new approaches to combat it. Experiments were carried out with several antibiotics, and the results demonstrate that overuse and misuse are primary drivers. New strategies include the development of alternative therapies and improved diagnostic tools.

### Abstract 5
The advancement of artificial intelligence in medical diagnostics has revolutionized the healthcare industry. In this paper, we examine the integration of AI with existing medical practices to enhance diagnostic accuracy and efficiency. Our findings show that AI-supported diagnostics are particularly effective in radiology, leading to quicker and more accurate interpretations of medical images. Further research is necessary to expand these applications to other medical fields."
2,Psychology  ,"Here are the 5 abstracts for the category '2':

1. **Abstract 1:**
   The study investigates the impact of social media in the development of self-esteem among adolescents. It explores various factors that contribute to positive and negative outcomes, with a focus on the role of peer interactions and content consumption. The findings suggest that while social media can enhance social connections, it is also linked to increased anxiety and social comparison.

2. **Abstract 2:**
   This research examines the effects of climate change on agriculture and food security in developing countries. The study provides insights into the vulnerabilities of small-scale farmers to unpredictable weather patterns. The analysis highlights the significance of adopting sustainable agricultural practices that are resilient to climate change to ensure long-term food security.

3. **Abstract 3:**
   The paper explores the relationship between dietary habits and cognitive function in older adults. It discusses that a balanced diet rich in fruits, vegetables, and omega-3 fatty acids is associated with better cognitive health. The research emphasizes the importance of nutrition in managing age-related cognitive decline and suggests potential dietary interventions.

4. **Abstract 4:**
   This article reviews the influence of educational technology in enhancing learning outcomes in primary education. It identifies key technologies that have shown promising results in engaging students and improving their academic performance. The review also discusses challenges related to the equitable access to these technologies and suggests strategies for overcoming them.

5. **Abstract 5:**
   The research investigates the role of leadership styles in organizational performance. It focuses on the correlation between transformational leadership and employee satisfaction. The results indicate that transformational leaders inspire higher levels of motivation and commitment, thereby contributing to improved overall performance in organizations.

Each abstract offers a concise summary of research in various fields, reflecting the core issues and findings using common English words."
4,Civil ,"1. **Abstract 1:**
In the process of developing advanced systems, the integration of cutting-edge technology is essential. This paper focuses on the implications of artificial intelligence in enhancing security measures. The use of AI in surveillance systems is demonstrated to improve response times and accuracy, with significant benefits for public safety. Key findings highlight the effectiveness of automated monitoring and the reduction of human error.

2. **Abstract 2:**
The study explores the relationship between climate change and biodiversity loss. It is a comprehensive examination of the factors contributing to ecosystem degradation. The research identifies key areas affected and the urgent need for conservation efforts. This analysis provides insights into sustainable practices that can mitigate the impact of environmental changes on natural habitats.

3. **Abstract 3:**
The impact of digital transformation on the financial industry is profound. This paper evaluates the transition from traditional banking to fintech solutions. The role of blockchain technology is examined, highlighting its potential to revolutionize transaction processes. Findings suggest that, with proper regulatory frameworks, the integration of blockchain can enhance security and efficiency in financial operations.

4. **Abstract 4:**
In the realm of healthcare, the rise of telemedicine is a significant development. This paper discusses the adoption and effectiveness of remote medical consultations. The benefits include increased accessibility to healthcare services and reduced patient wait times. The study also addresses the challenges of ensuring data privacy and the need for robust cybersecurity measures.

5. **Abstract 5:**
The educational sector is experiencing a shift towards online learning platforms. This research investigates the impact of e-learning on student engagement and performance. The findings indicate that interactive digital resources and flexible learning schedules contribute to improved educational outcomes. However, the study also emphasizes the importance of addressing the digital divide to ensure equitable access to education."
4,Civil ,"Certainly! Below are five abstracts for the category '4', each using the provided common words:

### Abstract 1: The Impact of Digital Transformation in Healthcare
The digital transformation in healthcare is reshaping the landscape of patient care and medical research. This study aims to explore the benefits and challenges faced by healthcare providers in implementing innovative technologies. With a focus on telemedicine, electronic health records, and wearable devices, the analysis delves into how these advancements are improving patient outcomes. The research highlights the importance of regulatory frameworks and privacy concerns that need to be addressed for effective adoption.

### Abstract 2: Trends in Renewable Energy Adoption
The rapid growth of renewable energy sources is a crucial component in the global effort to combat climate change. This research examines the trends in the adoption of solar, wind, and hydroelectric power across different regions. Through a combination of policy analysis and case studies, the study identifies key drivers and barriers to increased renewable energy usage. The findings suggest that government incentives, technological advancements, and societal awareness are pivotal in accelerating the transition to a sustainable energy future.

### Abstract 3: The Role of Artificial Intelligence in Education
The integration of artificial intelligence (AI) in education is creating new opportunities for personalized learning and administrative efficiency. This paper investigates the various applications of AI in educational settings, including adaptive learning platforms, automated grading systems, and predictive analytics. With a detailed review of current implementations and future potential, the study aims to understand how AI is transforming the educational experience. The implications for teachers and students are discussed, highlighting both the benefits and ethical considerations.

### Abstract 4: Consumer Behavior in the Digital Age
The evolution of consumer behavior in the digital age is a significant topic for marketers and businesses. This research explores how online shopping, social media, and mobile technology are influencing purchasing decisions. By analyzing consumer data and conducting surveys, the study provides insights into the changing preferences and expectations of modern consumers. The role of digital marketing strategies, such as influencer partnerships and targeted advertising, is examined to understand their effectiveness in engaging today's tech-savvy audience.

### Abstract 5: The Future of Work: Remote and Hybrid Models
The future of work is being redefined by the adoption of remote and hybrid work models. This study assesses the impact of these models on employee productivity, job satisfaction, and organizational culture. By collecting data from companies that have implemented remote work policies, the research identifies best practices and potential pitfalls. The findings emphasize the need for robust communication tools and flexible work environments to support a distributed workforce. Recommendations for businesses looking to transition to or improve their remote work capabilities are provided."
4,Civil ,"Certainly! Here are five abstracts for the category '4' using the provided common words:

1. **Abstract 1**:
   This research explores the dynamics of communication in team settings and its impact on performance. The study delves into how the exchange of information is facilitated with various tools and methods. A particular emphasis is placed on the role of technology in enhancing collaboration and minimizing misunderstandings. The findings are significant for developing effective communication strategies in both corporate and academic environments.

2. **Abstract 2**:
   In the realm of health and wellness, this paper examines the benefits of integrating physical activity into daily routines. The focus is on the correlation between regular exercise and improved mental health. The research methodology includes a survey with participants of varying age groups and fitness levels. This study aims to provide a comprehensive understanding of how physical activity contributes to overall well-being and longevity.

3. **Abstract 3**:
   This article investigates the influence of cultural diversity in the workplace and its effects on innovation. The research highlights the importance of fostering an inclusive environment where all voices are heard and valued. A mixed-method approach is used to analyze data from both qualitative interviews and quantitative surveys. The outcomes suggest that diversity is a crucial component in driving creativity and competitive advantage in modern businesses.

4. **Abstract 4**:
   In an era of rapid technological advancements, this paper explores the ethical implications of artificial intelligence in decision-making processes. The analysis covers various industries, from healthcare to finance, and the potential risks associated with AI's growing autonomy. Recommendations are made for developing robust governance frameworks to ensure that AI is used responsibly and ethically. This research is pivotal for policymakers and stakeholders in shaping the future of AI integration.

5. **Abstract 5**:
   This study examines the role of social media in shaping public opinion and its implications for democratic processes. The focus is on how information is disseminated and consumed, and the impact of misinformation on electoral outcomes. Data is collected from multiple social media platforms and analyzed to identify patterns and trends. This research sheds light on the power of digital platforms in influencing political landscapes and the need for effective regulation.

These abstracts provide a glimpse into diverse topics within category '4' while using the specified common words effectively."
4,Civil ,"Sure, here are five abstracts in the specified category using the given common words:

1. **Abstract for Category 4:**
   In the realm of environmental science, the study of pollution and its impact on ecosystems is crucial. This research focuses on the interactions between pollutants and natural habitats, aiming to develop strategies for mitigation. The analysis of data from various sources highlights the necessity for comprehensive policies and community involvement to preserve biodiversity. Moving forward, innovative solutions and proactive measures will be essential in the fight against environmental degradation.

2. **Abstract for Category 4:**
   The integration of technology in healthcare is transforming the way medical services are delivered. This study examines the role of telemedicine in increasing accessibility to quality care, especially in remote areas. Data from patient and provider surveys indicate that the adoption of these technologies leads to significant improvements in patient outcomes and satisfaction. However, the implementation of such systems requires addressing issues related to privacy, security, and digital literacy.

3. **Abstract for Category 4:**
   In education, the effectiveness of blended learning approaches is a topic of ongoing research. This paper explores the combination of traditional classroom instruction and online resources to enhance student engagement and achievement. Surveys and performance metrics reveal that students benefit from the flexibility and personalized learning opportunities offered by this method. The findings suggest that educators should consider incorporating a variety of digital tools to cater to diverse learning styles and needs.

4. **Abstract for Category 4:**
   The dynamics of urbanization and its effects on economic development are examined in this study. With the rapid growth of cities, there is a pressing need to understand how urban planning and infrastructure contribute to economic prosperity. Through a detailed analysis of case studies from different regions, the paper identifies key factors that drive sustainable urban growth. Recommendations are made for policymakers to foster environments that support innovation, job creation, and equitable distribution of resources.

5. **Abstract for Category 4:**
   The psychological impact of social media usage is a critical area of inquiry in modern society. This research investigates how different patterns of social media interaction affect mental health and well-being. By analyzing survey data and usage statistics, the study finds correlations between excessive use and negative outcomes such as anxiety and depression. Conversely, positive experiences are linked to moderate and purposeful engagement. The results underscore the importance of balanced and mindful use of social media platforms."
4,Civil ,"Certainly! Here are five abstracts for the category '4' using the given common words:

---

**Abstract 1:**
In the realm of scientific research, the categorization of complex data is critical to advancing understanding and applications. This study focuses on the development of a sophisticated algorithm designed to enhance the sorting and analysis processes. The key objective is to facilitate a more efficient approach for researchers working with diversified data sets. By integrating advanced computational techniques, the proposed algorithm aims to offer significant improvements in accuracy and speed. The implications of this innovation are profound, promising to transform methodologies in the field and enable broader, more impactful discoveries.

---

**Abstract 2:**
The education sector consistently seeks innovative strategies to improve student learning outcomes. This paper explores the implementation of digital tools in classroom environments to foster greater engagement and comprehension. Empirical evidence suggests that the integration of technology enhances the quality of education by providing interactive and personalized experiences. Central to this research is the assessment of various digital platforms and their effectiveness in pedagogical settings. The findings indicate that strategic use of these tools can bridge gaps in traditional teaching methods, promoting a more dynamic and inclusive educational experience.

---

**Abstract 3:**
Sustainable practices in urban planning are crucial for addressing the challenges of contemporary city life. This research investigates the role of green infrastructure in enhancing the quality of urban environments. By analyzing several case studies, the study identifies key benefits associated with the implementation of sustainable planning solutions. These include improved air quality, reduced urban heat islands, and increased biodiversity. The paper concludes with recommendations for policymakers, emphasizing the necessity of integrating ecological considerations into urban development projects. The results underscore the potential of green infrastructure to create healthier and more resilient cities.

---

**Abstract 4:**
The field of artificial intelligence (AI) continues to advance at a rapid pace, presenting new opportunities and challenges. This paper provides an in-depth review of current trends in AI research, with a focus on machine learning and its applications. The review highlights significant breakthroughs and discusses their implications for various industries. Particular attention is given to ethical considerations and the potential societal impact of widespread AI adoption. The paper aims to offer a comprehensive overview that informs both technical experts and policymakers, fostering a balanced discourse on the future of AI.

---

**Abstract 5:**
In the context of environmental science, understanding the dynamics of ecosystems is fundamental to creating effective conservation strategies. This study examines the interplay between various species and their habitats, with a particular focus on the impact of human activities. Through extensive field research and data analysis, the paper identifies critical factors that influence ecosystem health and resilience. The findings highlight the importance of preserving biodiversity and implementing sustainable practices to mitigate adverse effects. The research provides actionable insights for conservationists, aiming to support the development of policies that protect and sustain ecological balance.

---

Feel free to adjust or expand on these abstracts to better align with specific project goals or research focal points."
